formula, formation_energy_per_atom, density, band_gap, total_magnetization, k, g, elastic_anisotropy
Al, 0.000000, 2.720050, 0.000000, 0.000416, 83.277020, 25.309159, 0.651582
Al(CoSi)2, -0.510519, 5.387586, 0.000000, 0.007982, 177.252050, 98.564362, 0.266250
Al(CrB)2, -0.465762, 5.327369, 0.000000, 0.029704, 227.838651, 176.002636, 0.083290
Al(FeB)2, -0.400859, 5.791994, 0.000000, 2.735046, 206.269029, 131.337315, 0.201765
Al12Re, -0.143400, 3.956299, 0.000000, 0.000588, 95.898734, 78.848971, 0.003451
Al12Tc, -0.175109, 3.277390, 0.000000, 0.014553, 94.801179, 73.683886, 0.000054
Al12W, -0.080956, 3.857813, 0.000000, 0.004543, 91.675066, 56.741333, 0.000663
Al13Os4, -0.443801, 6.984116, 0.000000, 0.000921, 147.864237, 80.189099, 0.462952
Al21Pd8, -0.559394, 5.109098, 0.000000, 0.002137, 108.702439, 50.190428, 0.028137
Al21Pt8, -0.756605, 7.709187, 0.000000, 0.000070, 133.450235, 62.504231, 0.028662
Al23B50, -0.054580, 3.044723, 0.000000, 0.000160, 190.046868, 164.850683, 5.413358
Al2Au, -0.423056, 7.476905, 0.000000, 0.000116, 105.021923, 35.814698, 0.839263
Al2CdS4, -1.255046, 3.000015, 2.726300, 0.000026, 38.713014, 23.712715, 1.035217
Al2CdSe4, -1.080791, 4.257188, 2.004700, 0.000138, 33.042718, 20.728837, 0.894459
Al2CdTe4, -0.705593, 4.750712, 1.624500, 0.000003, 25.729822, 16.874313, 0.738451
Al2CoIr, -0.792802, 9.846396, 0.000000, 0.124532, 197.628438, 99.063011, 0.512729
Al2CoRu, -0.657683, 6.975699, 0.000000, 0.003023, 188.158195, 111.704247, 0.045761
Al2Cu, -0.178066, 4.064939, 0.000000, 0.000001, 99.636176, 49.004821, 0.422851
Al2FeCo, -0.474331, 5.977172, 0.000000, 0.065320, 181.144894, 119.402007, 0.240531
Al2FeO4, -2.903564, 4.115687, 0.000000, 0.000000, 184.704641, 74.987167, 14.148680
Al2HgS4, -1.107708, 3.882168, 2.024400, 0.000019, 37.952394, 23.341859, 0.920314
Al2HgSe4, -0.959561, 5.014469, 1.425400, 0.000000, 31.796014, 20.308948, 0.831653
Al2HgTe4, -0.622917, 5.371464, 1.110800, 0.000270, 26.070261, 16.843347, 0.724503
Al2IrOs, -0.715671, 13.209461, 0.000000, 0.000349, 235.091832, 128.309096, 0.013246
Al2IrRh, -1.025920, 10.567765, 0.000000, 0.000108, 208.003818, 98.291430, 0.273628
Al2IrRu, -0.887818, 10.575964, 0.000000, 0.001165, 219.282110, 125.186074, 0.000303
Al2NiO4, -2.802741, 4.400829, 3.475600, 0.000000, 203.649343, 112.443747, 0.321546
Al2O3, -3.426551, 3.873498, 5.853700, 0.000000, 232.044682, 149.129352, 0.159210
Al2Os, -0.562094, 9.597863, 0.289900, 0.000006, 190.912352, 145.824518, 0.310081
Al2PdRu, -0.809226, 7.836061, 0.000000, 0.000104, 177.620273, 84.965448, 0.406150
Al2Pt, -0.894034, 7.858009, 0.000000, 0.000458, 128.642752, 39.154312, 0.149189
Al2Ru, -0.718840, 6.098592, 0.086400, 0.001773, 168.125242, 105.999811, 0.271599
Al2RuPt, -0.900839, 10.463842, 0.000000, 0.000006, 200.904717, 98.545615, 0.113071
Al2S3, -1.358344, 2.287793, 2.759900, 0.000223, 32.908102, 22.332569, 0.362897
Al2SiO5, -3.374831, 3.050820, 4.838200, 0.001098, 145.406500, 89.988112, 0.196366
Al2Te3, -0.704501, 3.958333, 1.799200, 0.000000, 9.109211, 7.053186, 18.811495
Al2Te5, -0.626245, 4.456918, 1.073400, 0.003235, 9.599920, 7.126930, 16.117108
Al2ZnS4, -1.301154, 3.204055, 2.493400, 0.000327, 84.068812, 49.046254, 1.049573
Al2ZnSe4, -1.100774, 4.145150, 2.152900, 0.001636, 38.113889, 26.017249, 0.793121
Al2ZnTe4, -0.704941, 4.705688, 1.625100, 0.003689, 29.380947, 20.194888, 0.668696
Al3Cr, -0.140382, 3.815306, 0.000000, 1.007641, 107.106025, 89.250550, 0.849544
Al3Ir, -0.664651, 7.266573, 0.000000, 0.000621, 151.152739, 59.155416, 2.627226
Al3Ni, -0.404916, 4.034332, 0.000000, 0.000476, 113.346268, 66.147252, 0.058662
Al3Ni2, -0.613080, 4.767799, 0.000000, 0.002201, 130.419742, 85.910275, 0.048240
Al3Ni5, -0.565892, 6.717313, 0.000000, 0.000930, 167.248703, 83.669109, 1.357500
Al3Pd2, -0.772917, 5.997110, 0.000000, 0.000326, 128.875561, 63.710940, 0.112425
Al3Pt2, -0.994325, 9.600671, 0.000000, 0.000723, 153.703006, 74.548167, 0.114916
Al3Pt5, -0.907907, 14.705814, 0.000000, 0.002788, 199.170975, 64.392628, 0.361127
Al3V, -0.288134, 3.714657, 0.000000, 0.000003, 120.056858, 102.484561, 0.246597
Al4Bi2O9, -2.857885, 6.009410, 2.800200, 0.000016, 107.431162, 71.721944, 0.308622
Al4C3, -0.092082, 2.930804, 1.315400, 0.000424, 160.226500, 115.031789, 0.199212
Al4Cu9, -0.208091, 6.853923, 0.321900, 0.102088, 129.366419, 69.764101, 0.003413
Al5Co2, -0.460907, 4.338446, 0.000000, 0.001528, 125.447635, 84.460460, 0.091367
Al5Rh2, -0.741012, 5.229412, 0.000000, 0.000295, 131.206597, 77.068572, 0.058502
Al6Ru, -0.329378, 3.926535, 0.000000, 0.000275, 112.231198, 60.074855, 0.487818
Al7CoCu2, -0.278299, 4.243439, 0.000000, 0.025061, 110.002807, 63.903074, 0.079246
Al8Mo3, -0.335749, 5.003747, 0.000000, 0.000011, 141.699194, 106.823892, 0.268870
Al9Co2, -0.331883, 3.608519, 0.000000, 0.000095, 106.670241, 74.754547, 0.133782
AlAg2, -0.075477, 7.814766, 0.000000, 0.000027, 94.680945, 30.539397, 0.329987
AlAgO2, -2.307473, 6.059587, 1.409100, 0.002114, 156.124916, 81.338634, 5.472169
AlAgS2, -1.008908, 3.801893, 1.899200, 0.000031, 63.478917, 22.510878, 0.723852
AlAgSe2, -0.855273, 4.791076, 1.135200, 0.000170, 52.012307, 19.014794, 0.646825
AlAgTe2, -0.571073, 5.137260, 1.046900, 0.000944, 42.383269, 17.780988, 0.700724
AlAs, -0.485142, 3.590699, 1.503700, 0.001945, 69.781367, 41.139752, 0.538894
AlAsO4, -2.444838, 2.702323, 4.263400, 0.000070, 24.647770, 20.265226, 0.737650
AlAu, -0.395538, 10.542352, 0.000000, 0.001636, 110.116105, 39.410057, 3.562187
AlAu2, -0.316636, 13.667781, 0.000000, 0.000021, 119.445127, 33.579309, 0.412559
AlAu4, -0.210942, 15.415555, 0.000000, 0.000155, 126.654958, 18.659340, 2.271664
AlBMo, -0.449972, 6.301296, 0.000000, 0.000009, 211.853950, 142.567906, 0.378680
AlBPbO4, -2.720202, 6.029646, 2.756700, 0.004695, 75.833030, 54.078740, 2.559698
AlBr3, -1.518061, 2.650776, 4.099200, 0.000488, 1.372439, 0.988630, 1.575414
AlCl3, -1.965812, 2.215249, 5.263000, 0.000000, 17.301277, 11.079439, 140.685231
AlClO, -2.785190, 2.642278, 5.594000, 0.000003, 54.627414, 38.029951, 58.322708
AlCo, -0.611475, 6.136769, 0.000000, 0.005119, 178.598092, 120.130827, 0.209361
AlCr2, -0.122253, 5.748722, 0.000000, 0.165026, 186.871442, 103.382270, 0.075704
AlCr2C, -0.173280, 5.338344, 0.000000, 0.037903, 188.909718, 134.057755, 0.022354
AlCrRu2, -0.356691, 8.726919, 0.000000, 1.037037, 230.679703, 112.991081, 0.000002
AlCu, -0.213428, 5.356855, 0.000000, 0.002109, 113.293129, 67.626255, 0.143413
AlCu3, -0.189439, 7.287482, 0.000000, 0.000092, 133.064081, 48.359287, 0.607228
AlCuAu2, -0.257724, 12.907325, 0.000000, 0.000010, 129.388163, 39.113113, 6.799516
AlCuCl4, -1.576896, 2.478892, 2.511200, 0.001111, 12.503938, 6.353234, 1.206494
AlCuO2, -2.417254, 4.978571, 1.797800, 0.000408, 178.183755, 94.354017, 2.292269
AlCuPt2, -0.697732, 14.130170, 0.000000, 0.000092, 196.103688, 86.377934, 0.547193
AlCuS2, -1.060450, 3.435994, 1.691800, 0.000077, 80.556101, 37.731467, 0.782379
AlCuSe2, -0.861517, 4.651355, 0.894100, 0.000277, 62.543322, 30.426506, 0.755147
AlCuTe2, -0.550502, 5.129282, 1.018600, 0.000447, 51.670674, 25.816270, 0.655075
AlF3, -3.870370, 3.021262, 7.905400, 0.000025, 50.086490, 68.262836, 1.331443
AlFe, -0.326893, 5.791723, 0.000000, 0.746321, 174.590961, 104.654975, 1.072940
AlFe3C, -0.160580, 6.473382, 0.000000, 3.023535, 230.120279, 106.145062, 0.966238
AlFeCo2, -0.371349, 7.183513, 0.000000, 4.978493, 187.926851, 107.141550, 1.013944
AlFeRh2, -0.595927, 8.787100, 0.000000, 4.285210, 193.027238, 65.755539, 29.703018
AlGeRu2, -0.495406, 9.159919, 0.000000, 0.000097, 218.782626, 94.137711, 0.071383
AlHO2, -2.646066, 3.004164, 5.286000, 0.000347, 119.641355, 91.471874, 1.953792
AlI3, -0.955214, 3.204476, 3.263900, 0.009019, 0.986701, 0.829069, 2.221540
AlIr, -0.958980, 13.244938, 0.000000, 0.000011, 229.308499, 116.077681, 0.047068
AlMo3, -0.244104, 8.470008, 0.000000, 0.010721, 224.924474, 124.067957, 0.229502
AlN, -1.584397, 3.200890, 4.046700, 0.000119, 194.807783, 121.897164, 0.034315
AlNi, -0.658808, 5.906845, 0.000000, 0.001025, 161.578573, 83.867988, 1.989467
AlNi3, -0.434095, 7.466732, 0.000000, 0.735875, 179.507813, 95.325350, 1.495648
AlP, -0.609771, 2.304786, 1.629400, 0.000039, 85.171369, 49.559535, 0.525943
AlPO4, -3.120801, 2.103308, 5.669600, 0.000282, 26.917331, 27.091090, 0.809156
AlPd, -0.914021, 7.491359, 0.000000, 0.018186, 147.907260, 65.250111, 0.015463
AlPd2, -0.831161, 8.982676, 0.000000, 0.000044, 158.559964, 52.691185, 0.305628
AlPd5, -0.462695, 10.201503, 0.000000, 0.000224, 161.649472, 54.939573, 0.741563
AlPd5I2, -0.524212, 7.734447, 0.000000, 0.000110, 24.331110, 16.971744, 5.530350
AlPt, -1.041411, 12.404254, 0.000000, 0.000009, 184.177760, 73.686050, 0.013487
AlPt2, -0.853658, 15.416862, 0.000000, 0.000032, 204.799047, 59.294652, 0.271902
AlRe2, -0.262899, 15.207200, 0.000000, 0.002337, 256.188322, 149.009255, 0.776642
AlRh, -1.088972, 7.934752, 0.000000, 0.001190, 195.916058, 102.346438, 0.011922
AlRu, -0.673477, 7.832535, 0.000000, 0.002963, 202.210808, 104.913051, 0.177173
AlSb, -0.255497, 4.078412, 1.225500, 0.000323, 49.203181, 30.561580, 0.343695
AlSbO4, -2.543367, 5.632515, 1.617800, 0.000000, 203.891655, 131.290707, 1.187359
AlSiRu2, -0.713620, 8.201259, 0.000000, 0.002786, 236.133235, 112.843323, 0.093934
AlSiTe3, -0.521205, 4.572881, 1.250400, 0.000690, 24.720315, 16.327577, 28.289750
AlTlF4, -3.283520, 5.861847, 4.433300, 0.000456, 41.680719, 27.108927, 2.112048
AlV2C, -0.515901, 4.872389, 0.000000, 0.004703, 170.766310, 131.797845, 0.065533
AlV3, -0.134244, 5.367847, 0.000000, 0.343470, 159.329995, 17.294734, 17.392708
AlVCo2, -0.430988, 6.818543, 0.000000, 2.001056, 192.224486, 103.068938, 0.518015
AlVFe2, -0.428755, 6.773328, 0.000000, 0.018851, 217.579549, 136.877834, 0.002569
AlVOs2, -0.473442, 13.882211, 0.000000, 0.001460, 272.580531, 140.076856, 0.011205
AlVRu2, -0.641666, 8.575395, 0.000000, 0.000046, 235.095322, 123.553914, 0.036260
AlZnIr2, -0.606054, 14.261103, 0.000000, 0.000721, 220.997170, 110.100745, 0.117258
AlZnRh2, -0.789376, 9.017765, 0.000000, 0.001028, 184.717944, 81.194099, 0.018734
Ba3(AlGe)2, -0.468219, 4.452898, 0.000000, 0.003556, 33.455675, 22.020865, 0.527916
Ba3(AlSi)2, -0.336036, 3.898588, 0.000000, 0.001158, 35.418361, 23.046584, 0.580987
Ba5Al5Pb, -0.330828, 4.695459, 0.000000, 0.004875, 28.803846, 17.550128, 0.088193
Ba5Al5Sn, -0.346908, 4.325593, 0.000000, 0.004412, 29.879533, 18.202841, 0.080649
BaAl4, -0.241182, 3.425432, 0.000000, 0.000337, 51.296745, 34.783215, 0.057859
BaAl9Fe2, -0.316682, 3.724330, 0.000000, 0.061837, 79.409711, 47.979938, 0.702283
BaAlGe, -0.475890, 4.545637, 0.000000, 0.006569, 44.632804, 34.146413, 0.135295
BaAlSi, -0.364183, 3.806506, 0.000000, 0.000409, 50.039201, 37.851509, 0.164307
BeAl2O4, -3.352918, 3.599682, 6.117700, 0.000958, 214.760010, 147.431807, 0.093418
BeAlB, -0.052391, 2.543527, 0.000000, 0.000029, 141.068261, 134.281282, 0.269638
BeAlIr2, -0.774928, 13.962701, 0.000000, 0.000191, 237.771018, 126.035525, 0.070755
BeAlRh2, -0.868894, 8.161792, 0.000000, 0.000484, 198.576464, 104.058954, 0.035651
Ca(Al2Cu)4, -0.266536, 4.211158, 0.000000, 0.002553, 92.860514, 63.042987, 0.023168
Ca(AlGa)2, -0.347466, 3.821550, 0.000000, 0.000446, 58.191231, 28.728011, 0.451897
Ca(AlGe)2, -0.390841, 3.617437, 0.000000, 0.004089, 58.422309, 39.713198, 0.232457
Ca(AlSi)2, -0.271135, 2.347097, 0.000000, 0.000888, 62.960753, 41.499649, 0.267249
Ca(AlZn)2, -0.289469, 3.825548, 0.000000, 0.000113, 61.494543, 37.328933, 0.346317
Ca3Al3N5, -1.349014, 3.034419, 2.617900, 0.000051, 115.133139, 65.207046, 1.372431
Ca3Al7Ag2, -0.310123, 3.533878, 0.000000, 0.015868, 63.123285, 40.054792, 0.038972
Ca3AlN3, -1.164926, 3.016465, 2.456500, 0.001961, 93.455372, 46.914408, 1.754721
Ca3AlSb3, -0.917237, 4.043706, 0.253400, 0.003362, 38.300135, 22.991939, 0.075641
Ca5(AlSb3)2, -0.859343, 4.237039, 0.168400, 0.000152, 39.413731, 23.399586, 0.129009
CaAl2, -0.327868, 2.425285, 0.000000, 0.007764, 56.463856, 41.367413, 0.001619
CaAl4O7, -3.463972, 2.813029, 3.999400, 0.000002, 114.582233, 49.639466, 0.772041
CaAlAu, -0.693878, 6.721813, 0.000000, 0.000876, 66.999507, 30.529565, 0.705749
CaAlPd, -0.736525, 4.518632, 0.000000, 0.005849, 63.444589, 30.061654, 1.129019
CaAlSi, -0.365389, 2.354365, 0.000000, 0.011294, 61.675328, 40.293084, 0.433900
CeAlPd, -0.782567, 7.296181, 0.000000, 0.007089, 94.410888, 40.652697, 0.274727
CsAlO2, -2.849799, 4.611662, 4.273500, 0.000039, 92.886168, 54.863543, 1.770747
Eu(AlGe)2, -0.425600, 5.177409, 0.000000, 6.976672, 57.657459, 37.545356, 0.352605
Eu(AlSi)2, -0.319079, 4.034207, 0.000000, 6.955282, 61.712180, 41.080366, 0.365937
Hf2Al3C4, -0.493379, 7.559589, 0.000000, 0.005025, 197.859732, 156.967291, 0.044906
HfAl2, -0.441319, 7.417121, 0.000000, 0.002488, 120.312216, 87.928423, 0.038601
HfAl3, -0.395299, 6.258947, 0.000000, 0.001267, 106.109567, 80.358803, 0.073172
HfAlCo2, -0.585678, 9.779118, 0.000000, 1.007154, 172.350303, 89.357555, 0.052742
HfAlCu2, -0.328565, 9.277710, 0.000000, 0.000468, 134.711772, 56.441992, 0.707011
HfAlNi2, -0.636474, 9.530654, 0.000000, 0.004348, 164.504484, 49.459730, 0.124193
HfAlPd2, -0.828651, 10.449848, 0.000000, 0.001195, 163.469992, 28.289498, 0.832686
HfAlPt, -1.042517, 12.571931, 0.000000, 0.000697, 163.711434, 78.513614, 0.416765
HfAlRu2, -0.756082, 10.977756, 0.000000, 0.010794, 194.710499, 80.224535, 0.020081
K2AlF5, -3.516090, 2.430933, 6.323900, 0.000638, 28.354511, 16.707655, 2.027886
LaAl, -0.411507, 5.190967, 0.000000, 0.000889, 53.384724, 34.438343, 0.159455
LaAlO3, -3.722193, 6.371512, 4.018900, 0.000188, 181.311849, 109.262674, 0.385803
Li2AlAg, -0.246341, 3.918742, 0.000000, 0.003563, 48.543532, 29.924724, 7.271993
Li2AlPd, -0.534961, 4.294103, 0.000000, 0.006715, 68.434808, 35.449012, 2.647123
Li2AlPt, -0.703323, 7.064854, 0.000000, 0.002151, 87.739144, 44.665132, 1.937415
Li3Al2, -0.187246, 1.538620, 0.000000, 0.000903, 39.735313, 40.678239, 2.019191
Li3AlN2, -0.967632, 2.334211, 2.937100, 0.000000, 104.493185, 102.235459, 0.132239
LiAl, -0.177638, 1.754628, 0.000000, 0.000199, 49.794396, 45.404081, 1.492544
LiAl2Ir, -0.736202, 7.608513, 0.000000, 0.000474, 134.960047, 70.756372, 3.857054
LiAl2Ni, -0.470410, 3.917294, 0.000000, 0.000406, 101.998300, 71.626327, 2.685693
LiAl2Pd, -0.640417, 4.875656, 0.000000, 0.002287, 104.176373, 61.681546, 4.382013
LiAl2Pt, -0.827009, 7.526715, 0.000000, 0.001143, 126.875530, 69.287729, 4.031594
LiAl2Rh, -0.707891, 4.941954, 0.000000, 0.000017, 118.575047, 68.592232, 2.627517
LiAl3, -0.101637, 2.237075, 0.000000, 0.000293, 64.088620, 44.368857, 0.131852
LiAl5O8, -3.353554, 3.517311, 5.249100, 0.000000, 196.221173, 127.851098, 0.606259
LiAlAg2, -0.253197, 6.463471, 0.000000, 0.002321, 68.576458, 34.987210, 4.363341
LiAlAu2, -0.551761, 11.312645, 0.000000, 0.000185, 93.529845, 39.232696, 2.483794
LiAlCu2, -0.221279, 5.265674, 0.000000, 0.001994, 88.138589, 50.855720, 3.845580
LiAlGe, -0.291342, 3.245854, 0.052700, 0.000993, 60.956155, 50.959209, 0.044618
LiAlNi2, -0.399544, 5.466500, 0.000000, 0.005884, 120.400759, 45.098835, -7.029273
LiAlO2, -3.082883, 2.530052, 4.589900, 0.000000, 93.728309, 53.306356, 0.167338
LiAlPd2, -0.815359, 7.418090, 0.000000, 0.000427, 129.033417, 28.047267, -5.657743
LiAlPt2, -0.939068, 12.875143, 0.000000, 0.000032, 161.485432, 0.626703, -4.988307
LiAlRh2, -0.669521, 7.593318, 0.000000, 0.000012, 148.443752, 64.522609, 0.077072
LiAlSi, -0.191266, 1.966694, 0.076500, 0.000616, 62.992534, 55.650833, 0.036619
LiAlTe2, -0.925177, 3.905931, 2.457200, 0.003159, 26.630517, 14.140806, 0.975757
LiCa2Al, -0.143257, 1.724526, 0.000000, 0.001819, 28.684277, 21.727542, 1.338089
LiY2Al, -0.244003, 3.595055, 0.000000, 0.002389, 49.551308, 34.852627, 0.650317
Mg17Al12, -0.027029, 2.094692, 0.000000, 0.000617, 49.670165, 24.546087, 0.305112
Mg2Al2Se5, -1.310096, 3.765717, 1.970000, 0.011782, 25.991773, 15.478621, 24.361430
MgAl2Cu, -0.182407, 3.553152, 0.000000, 0.002845, 77.988850, 49.824547, 0.366338
MgAl2O4, -3.374314, 3.464623, 5.109500, 0.000131, 180.375591, 106.375966, 1.239309
MgAlAg2, -0.180499, 6.367013, 0.000000, 0.000215, 78.183858, 35.359753, 10.848255
MgAlIr2, -0.701067, 12.671540, 0.000000, 0.000167, 188.813785, 107.626874, 0.032624
MgAlPd2, -0.833765, 7.197970, 0.000000, 0.000991, 122.761835, 44.528895, 3.319552
MgAlRh2, -0.841733, 7.496092, 0.000000, 0.000631, 157.119125, 84.855495, 0.004702
MgSc2Al, -0.284411, 2.827088, 0.000000, 0.001747, 64.742247, 51.191969, 2.828140
Mn2AlB2, -0.469986, 5.786357, 0.000000, 0.828828, 220.876766, 161.376006, 0.272100
Mn2AlCr, -0.161059, 6.653174, 0.000000, 1.005325, 194.438821, 104.307961, 0.202543
Mn2AlRe, -0.198629, 10.759367, 0.000000, 0.000775, 259.461057, 130.442722, 0.063811
Mn2AlV, -0.317611, 6.337605, 0.000000, 1.999859, 184.521486, 101.705495, 0.412584
Mn2AlW, -0.215196, 10.371409, 0.000000, 1.004434, 235.852415, 129.106972, 0.127770
Mn2NbAl, -0.256541, 7.002487, 0.000000, 1.998022, 190.432379, 101.780113, 0.254250
Mn3Al9Si, -0.270366, 3.905078, 0.000000, 5.396018, 117.116572, 79.090742, 0.025254
Mn3AlC, -0.191933, 6.135568, 0.000000, 3.899088, 215.334204, 132.553599, 0.316840
Mn4Al11, -0.276991, 4.068219, 0.000000, 1.003055, 125.880931, 86.249158, 0.168288
MnAl, -0.272286, 5.127965, 0.000000, 2.322972, 135.477546, 93.135101, 1.293264
MnAl2O4, -3.047750, 4.008120, 2.657800, 0.000000, 180.219678, 85.147348, 0.988915
MnAl6, -0.173698, 3.352783, 0.000000, 0.001021, 103.885015, 68.711558, 0.206426
MnAlCo2, -0.369196, 7.162481, 0.000000, 4.005795, 191.796038, 114.097556, 1.071658
MnAlFe2, -0.186345, 7.019573, 0.000000, 1.857324, 196.025813, 129.095389, 0.664995
MnAlGe, -0.207620, 5.706358, 0.000000, 3.969699, 114.041911, 66.935142, 0.413536
MnAlIr2, -0.590661, 13.893392, 0.000000, 4.000820, 230.633079, 111.874390, 0.885132
MnAlOs2, -0.261295, 14.236715, 0.000000, 0.000427, 257.982888, 150.490905, 0.469916
MnAlRh2, -0.683729, 8.642107, 0.000000, 4.036507, 184.448477, 96.353647, 0.314120
MnAlRu2, -0.414145, 8.796417, 0.000000, 2.060770, 218.072982, 130.734010, 0.265322
Na2LiAlP2, -0.636602, 2.050051, 1.885300, 0.000017, 40.272951, 28.423628, 0.285154
Na3AlAs2, -0.512772, 2.728978, 0.847200, 0.000174, 24.439721, 13.623240, 0.893635
Na3AlF6, -3.394869, 2.844097, 6.719700, 0.000000, 51.117683, 28.476814, 0.213051
Na3AlP2, -0.511031, 1.910728, 1.346000, 0.000315, 29.115206, 16.498683, 0.648062
NaAlGe, -0.189364, 3.137343, 0.000000, 0.000005, 37.024530, 20.633196, 0.252648
NaAlH4, -0.250305, 1.301806, 4.666600, 0.000023, 19.373565, 12.392773, 0.174632
NaAlO2, -2.933971, 2.668606, 3.796800, 0.000277, 81.993256, 47.102694, 0.594229
NaAlSi, -0.071779, 2.069717, 0.000000, 0.001197, 42.090423, 23.057713, 0.157189
NaAlTe2, -0.881441, 4.269131, 1.287500, 0.000034, 22.956245, 11.681876, -38.579686
Nb2Al, -0.293137, 6.789454, 0.000000, 0.004957, 160.605815, 83.053577, 0.073209
Nb2AlC, -0.505514, 6.313226, 0.000000, 0.000065, 173.267681, 115.262552, 0.130407
Nb3AlC2, -0.522149, 6.702489, 0.000000, 0.003174, 202.840225, 137.499007, 0.071483
NbAl3, -0.428646, 4.501844, 0.000000, 0.001172, 126.986695, 106.693712, 0.170798
NbAlCo2, -0.428808, 7.408918, 0.000000, 1.996231, 192.044412, 93.331163, 0.385916
NbAlFe2, -0.375760, 7.347107, 0.320700, 0.000301, 211.839337, 123.841572, 0.000375
NbAlO4, -3.226088, 4.164170, 3.383500, 0.000803, 172.651066, 77.102888, 0.391545
NbAlOs2, -0.438211, 13.665639, 0.000000, 0.001552, 262.212653, 129.742904, 0.002080
NbAlRu2, -0.646952, 8.956132, 0.000000, 0.008493, 230.519134, 116.911293, 0.010060
RbAlO2, -2.861166, 3.591384, 3.371600, 0.000000, 92.204316, 51.742620, 2.629992
Sc(Al2Fe)4, -0.425528, 4.348807, 0.000000, 5.112066, 126.433094, 86.997464, 0.192225
Sc(AlC)3, -0.346909, 3.272985, 0.022300, 0.010904, 167.709612, 138.663920, 0.039651
Sc(MnAl2)4, -0.334805, 4.115221, 0.000000, 6.892839, 103.207848, 78.439760, 0.296892
Sc2Al, -0.350948, 3.024175, 0.000000, 0.350383, 70.523658, 45.295063, 0.196830
Sc2Al3Ru, -0.651631, 4.337630, 0.000000, 0.024290, 112.292142, 68.457670, 0.158766
Sc2AlOs, -0.480399, 7.168696, 0.000000, 0.000463, 125.328128, 52.265281, 1.504282
Sc2AlSi2, -0.679050, 3.290025, 0.000000, 0.003051, 101.635488, 76.141388, 0.260850
Sc2AlTc, -0.370827, 4.909928, 0.000000, 0.000869, 108.061105, 45.199400, 0.977239
Sc2AlZn, -0.424914, 3.938288, 0.000000, 0.001600, 76.136493, 55.576812, 2.797865
Sc3Al, -0.268877, 3.083513, 0.000000, 1.960481, 64.213252, 41.766526, 0.088274
Sc3AlC, -0.594601, 3.142636, 0.000000, 0.000135, 101.734241, 82.933630, 0.014949
ScAl, -0.446749, 3.099620, 0.000000, 0.001492, 78.187794, 58.094274, 7.012329
ScAl2, -0.486889, 3.009750, 0.000000, 0.002839, 87.805711, 69.321384, 0.013737
ScAl2Ni, -0.656923, 4.089561, 0.000000, 0.000564, 107.119312, 67.381880, 0.553748
ScAl3, -0.454931, 3.017273, 0.000000, 0.000187, 84.292536, 70.520831, 0.000313
ScAlAg2, -0.332717, 6.595297, 0.000000, 0.002086, 96.501038, 35.235720, 6.463644
ScAlAu2, -0.705044, 10.724740, 0.000000, 0.001618, 113.866191, 25.223936, 1.104021
ScAlCo2, -0.515428, 5.881791, 0.000000, 0.000570, 147.510920, 91.325214, 0.007609
ScAlCu2, -0.412943, 5.545314, 0.000000, 0.000076, 107.849811, 49.539594, 1.233053
ScAlIr2, -1.009157, 12.424466, 0.000000, 0.000212, 194.320729, 106.957987, 0.000989
ScAlNi2, -0.627430, 5.675439, 0.000000, 0.000037, 132.863250, 58.161045, 0.302836
ScAlPd2, -0.950400, 7.241820, 0.000000, 0.000920, 130.558593, 42.131729, 0.266967
ScAlRh2, -1.089974, 7.590063, 0.000000, 0.000024, 163.366414, 83.899796, 0.020253
SmAlO3, -3.697795, 6.961197, 4.861400, 0.000000, 182.449433, 111.581618, 0.197344
Sr(AlSi)2, -0.267150, 2.877425, 0.000000, 0.003291, 59.499050, 39.585054, 0.349081
Sr(AlTe2)2, -1.075739, 4.521576, 1.445400, 0.000018, 23.750156, 14.953820, 0.802954
Sr3(AlGe)2, -0.495700, 3.825313, 0.000000, 0.000577, 41.008997, 30.155500, 0.180578
Sr3(AlGe2)2, -0.501175, 4.466918, 0.000000, 0.000494, 46.425253, 33.257236, 0.661876
Sr3(AlN2)2, -1.164128, 4.289650, 2.127500, 0.000529, 86.936631, 47.576478, 0.551276
Sr3(AlSi)2, -0.379843, 3.159108, 0.000000, 0.002484, 43.661681, 31.523490, 0.185665
Sr3Al3N5, -1.242142, 4.163284, 2.193400, 0.001013, 104.606400, 57.758158, 1.225133
SrAl2O4, -3.459254, 3.442440, 4.142000, 0.001118, 82.094417, 45.801647, 0.135961
SrAl4, -0.232307, 2.897180, 0.000000, 0.000203, 53.958848, 30.583211, 0.203623
SrAl9Co2, -0.402806, 3.512871, 0.000000, 0.018270, 82.738489, 60.100424, 0.092419
SrAlGe, -0.470386, 4.020471, 0.000000, 0.003694, 49.256625, 35.107863, 0.252915
SrAlSi, -0.375330, 3.162717, 0.000000, 0.001538, 55.822115, 39.509541, 0.327126
SrAlSiH, -0.459977, 3.102445, 0.625700, 0.000015, 56.597306, 43.026642, 0.978251
Ta2AlC, -0.524178, 11.450463, 0.000000, 0.003638, 193.570041, 123.515606, 0.145762
Ta3AlC2, -0.568923, 12.251033, 0.000000, 0.000476, 225.015613, 159.856617, 0.029926
TaAl3, -0.318202, 6.813776, 0.000000, 0.000035, 132.819246, 105.333134, 0.177489
TaAlCo2, -0.479382, 10.241166, 0.000000, 1.986369, 202.787539, 101.630293, 0.396796
TaAlFe2, -0.452632, 10.237692, 0.324200, 0.000076, 221.804615, 137.128378, 0.000085
TaAlOs2, -0.551588, 16.169055, 0.000000, 0.000606, 271.900102, 143.415255, 0.001795
TaAlRu2, -0.747777, 11.461135, 0.000000, 0.008594, 239.196857, 131.385711, 0.009367
TaMn2Al, -0.303427, 9.781667, 0.000000, 1.998412, 200.871365, 109.826307, 0.287866
Ti2AlC, -0.700269, 3.993101, 0.000000, 0.002819, 137.139159, 112.548969, 0.021805
Ti2AlMo, -0.322695, 5.652812, 0.000000, 0.001775, 150.078711, 46.615388, 1.096641
Ti2AlN, -1.260450, 4.264332, 0.000000, 0.025317, 155.365200, 115.424783, 0.055288
Ti2AlRe, -0.439678, 8.247571, 0.000000, 0.000905, 171.837294, 77.340976, 0.850481
Ti2AlTc, -0.460623, 5.893566, 0.000000, 0.000125, 158.257685, 62.635385, 0.521496
Ti3Al, -0.279157, 4.248869, 0.000000, 0.013606, 115.313999, 61.823321, 0.128450
Ti3AlC, -0.592440, 4.148161, 0.000000, 0.001581, 152.909427, 102.829307, 0.222246
Ti3AlC2, -0.762641, 4.207863, 0.000000, 0.006409, 159.141303, 126.433535, 0.053082
TiAl, -0.406945, 3.833902, 0.000000, 0.003174, 115.060567, 75.741937, 0.976299
TiAl2, -0.429277, 3.536391, 0.000000, 0.000269, 108.559960, 82.808434, 0.085467
TiAl3, -0.397540, 3.365706, 0.000000, 0.001122, 107.534884, 91.919909, 0.395549
TiAlAu, -0.497712, 9.082770, 0.000000, 0.917215, 131.427628, 58.551517, 0.215505
TiAlCo2, -0.624942, 6.450358, 0.000000, 0.999497, 177.697025, 93.940625, 0.454971
TiAlCu2, -0.304975, 6.143752, 0.000000, 0.000107, 134.464421, 72.062681, 1.876996
TiAlFe2, -0.454173, 6.253070, 0.000000, 0.969169, 184.560467, 105.699162, 0.074079
TiAlNi2, -0.623057, 6.253223, 0.000000, 0.000130, 161.852469, 67.692575, 1.721780
TiAlOs2, -0.583849, 13.175581, 0.000000, 0.002673, 243.878999, 108.554605, 0.437304
TiAlPd2, -0.761024, 7.796984, 0.000000, 0.000479, 165.875563, 40.701388, 5.113665
TiAlPt, -0.915318, 9.656845, 0.000000, 0.004354, 163.899534, 56.664121, 1.824148
TiAlRh2, -0.983010, 8.099627, 0.000000, 0.002260, 193.194411, 48.831783, -9.609487
TiAlRu2, -0.765483, 8.111432, 0.000000, 0.001774, 208.794099, 86.563841, 0.022840
TiMn2Al, -0.335620, 5.794349, 0.000000, 3.001410, 156.506354, 86.065035, 0.172822
Y(Al2Cu)4, -0.311429, 4.660832, 0.000000, 0.003797, 100.804085, 60.377139, 0.035796
Y(Al2Fe)4, -0.432564, 4.612206, 0.000000, 5.440891, 123.098793, 86.393929, 0.168890
Y(AlGe)2, -0.418217, 4.532041, 0.000000, 0.004041, 71.420447, 38.510199, 1.393774
Y2(Al3Co)3, -0.564762, 4.474173, 0.000000, 0.000194, 110.593223, 76.189540, 0.073761
Y2Al, -0.314702, 4.241096, 0.000000, 0.003696, 55.031156, 30.554872, 0.327841
Y2Al3Si2, -0.533446, 3.887422, 0.000000, 0.003785, 86.289069, 65.845813, 0.192301
Y2AlSi2, -0.708858, 4.204300, 0.000000, 0.000577, 87.572482, 54.632298, 1.809925
Y2AlZn, -0.406523, 4.800594, 0.000000, 0.001186, 62.508076, 44.243636, 0.982360
Y2MgAl, -0.299468, 3.802880, 0.000000, 0.004213, 54.958090, 41.411389, 1.776759
Y3Al7Cu2, -0.504053, 4.345998, 0.000000, 0.005060, 88.081280, 63.101814, 0.029253
Y3AlC, -0.418434, 4.327412, 0.000000, 0.000156, 79.646704, 63.520770, 0.022033
YAl2, -0.531332, 3.879200, 0.000000, 0.023182, 79.609959, 60.811955, 0.048304
YAl2Co, -0.543369, 4.694792, 0.000000, 0.003299, 92.547356, 49.052763, 0.927809
YAl2Ni, -0.646908, 4.672976, 0.000000, 0.000027, 92.599409, 59.475492, 0.447211
YAl3, -0.437870, 3.572403, 0.000000, 0.007364, 72.582139, 46.059737, 1.949108
YAl3Ni, -0.599071, 4.314691, 0.000000, 0.001865, 92.900004, 61.006193, 0.221481
YAl3Ni2, -0.660814, 4.984204, 0.000000, 0.003574, 113.280235, 68.517831, 0.066741
YAl4Ni, -0.557000, 4.084858, 0.000000, 0.001035, 92.585145, 60.688519, 0.281432
YAlGe, -0.665102, 5.073595, 0.000000, 0.000075, 80.029166, 56.040603, 0.343116
YAlNi, -0.600981, 5.292877, 0.000000, 0.000485, 93.209842, 37.308132, 7.567666
YAlSi, -0.607703, 4.037915, 0.000000, 0.000207, 88.495701, 64.062793, 0.244709
YMgAl, -0.331942, 3.262014, 0.000000, 0.001349, 57.462489, 45.271708, 0.317423
Yb(AlSi)2, -0.287425, 4.473834, 0.000000, 0.000005, 64.785784, 43.276907, 0.287486
Zr2Al3, -0.521393, 4.650766, 0.000000, 0.012627, 107.903844, 69.978318, 0.163899
Zr3Al, -0.302307, 5.913585, 0.000000, 0.001106, 100.980519, 58.182124, 0.620031
Zr4Al3, -0.460248, 5.301739, 0.000000, 0.000485, 108.146498, 77.410251, 0.055693
Zr6Al2Co, -0.342892, 5.999278, 0.000000, 0.006697, 106.517281, 50.965764, 0.008855
ZrAl2, -0.537820, 4.520876, 0.000000, 0.001189, 113.498882, 87.670914, 0.029141
ZrAl3, -0.486943, 4.086082, 0.000000, 0.001345, 102.997325, 83.112461, 0.058562
ZrAl5Ni2, -0.590542, 4.838725, 0.000000, 0.001589, 120.377823, 84.260138, 0.085492
ZrAlAu2, -0.534098, 11.495692, 0.000000, 0.000387, 134.573652, 23.269764, 14.711881
ZrAlCo2, -0.520960, 6.969839, 0.000000, 1.001961, 160.927983, 78.520405, 0.040760
ZrAlNi, -0.644718, 6.078614, 0.000000, 0.000602, 138.353214, 75.587238, 0.685698
ZrAlNi2, -0.598051, 6.799141, 0.000000, 0.027234, 148.561948, 39.401129, 0.001867
ZrAlPd2, -0.803115, 8.143436, 0.000000, 0.000398, 147.492869, 15.666429, 0.676681
AlCuO2, -2.417172, 4.964065, 1.814800, 0.000073, 176.858753, 94.422681, 2.285522
Al3Pd5, -0.851622, 8.614227, 0.000000, 0.000601, 155.639112, 52.388812, 0.601263
RbAlF4, -3.638525, 3.590353, 6.944200, 0.000000, 41.983825, 32.061857, 1.277556
AlCuPd2, -0.623045, 9.053517, 0.000000, 0.000142, 152.291102, 45.048522, -11.210537
LiAlSiO4, -3.209992, 2.271590, 5.548900, 0.000000, 113.689175, 47.511494, 0.482997
AlF3, -3.869712, 2.891780, 7.420300, 0.000138, 126.480338, 83.922435, 0.953311
Mg23Al30, -0.023268, 2.220291, 0.000000, 0.002781, 55.739728, 18.907428, 0.115478
Ca3Al2(SiO4)3, -3.445633, 3.489873, 4.867300, 0.000137, 154.207240, 97.000657, 0.011708
RbAlF4, -3.637837, 3.545332, 6.877200, 0.000862, 57.985190, 33.181143, 1.953194
AlTlF4, -3.282419, 5.804587, 4.257600, 0.001048, 44.861290, 27.148171, 3.688206
AlPt2, -0.852556, 15.394056, 0.000000, 0.000093, 206.529033, 87.284208, 0.267013
SrAl2, -0.260182, 3.122948, 0.000000, 0.000693, 44.830671, 34.473483, 0.264270
Al4W, -0.152550, 5.975827, 0.000000, 0.000069, 116.987578, 78.922800, 0.212852
AlFe3, -0.197072, 6.813014, 0.000000, 5.866317, 175.122470, 96.729062, 3.567277
AlTlF4, -3.281665, 5.761776, 4.249200, 0.000000, 61.212523, 30.508194, 3.004748
CaAl4, -0.194790, 2.311699, 0.000000, 0.000889, 57.686976, 28.640424, 0.323813
CaAl2(SiO4)2, -3.424326, 2.677596, 4.812200, 0.000000, 85.843940, 43.531070, 0.737132
AlBPbO4, -2.718047, 6.104435, 3.080500, 0.000747, 84.500283, 56.690509, 2.935775
TiAl2, -0.427095, 3.534126, 0.000000, 0.002507, 108.184756, 82.168566, 0.146808
Hf2Al3, -0.425844, 7.972095, 0.000000, 0.000707, 113.949134, 69.331733, 0.367033
CaAl2O4, -3.452869, 2.901042, 4.390900, 0.000000, 79.196024, 45.231683, 0.562898
AlPO4, -3.118336, 2.151344, 5.475000, 0.000000, 9.457522, 33.930319, 1.218440
Al6Fe, -0.195846, 3.428138, 0.000000, 0.018080, 106.206378, 58.009805, 0.456370
CaAlSi, -0.362589, 2.366589, 0.000000, 0.112325, 61.176823, 39.356220, 0.491267
AlPO4, -3.117695, 2.083874, 5.487800, 0.000000, 21.096808, 25.345766, 0.629132
ZrAlCu2, -0.352946, 6.674112, 0.000000, 0.000140, 128.440287, 53.008696, 0.493151
TiAlAu2, -0.440910, 11.513779, 0.000000, 0.000871, 140.799006, 38.605345, 10.673736
YAlPd, -0.880234, 6.101196, 0.000000, 0.000529, 94.164840, 32.665703, 10.473826
Y3Al2, -0.354527, 4.092630, 0.000000, 0.070671, 58.521425, 33.408950, 0.125517
YAl3, -0.433944, 3.599968, 0.000000, 0.000301, 73.332479, 51.742470, 0.386758
CaAlSi, -0.361188, 2.355991, 0.000000, 0.003329, 62.352644, 40.685874, 0.429723
Ba(AlGe)2, -0.392345, 4.638609, 0.000000, 0.000008, 46.948102, 16.845650, 4.925564
Sr3(AlSn)2, -0.500925, 4.086254, 0.000000, 0.003716, 36.905044, 25.492162, 0.224020
BaAl9Ni2, -0.361069, 3.790139, 0.000000, 0.004453, 78.625020, 46.947756, 0.225509
AlP, -0.605153, 2.306797, 1.953300, 0.000000, 82.894700, 46.813454, 0.183028
YAl, -0.418347, 3.879845, 0.000000, 0.505591, 64.235333, 42.840342, 3.155221
AlPS4, -0.919403, 1.651640, 2.614100, 0.000000, 12.120949, 6.950162, 34.048449
Al2CoOs, -0.511446, 9.731907, 0.000000, 0.000771, 200.255056, 110.344670, 0.163092
YAlAg2, -0.339647, 6.820163, 0.000000, 0.002506, 84.204323, 19.524660, 0.809357
Li9Al4, -0.144831, 1.307434, 0.000000, 0.000929, 31.761050, 31.185813, 2.556065
CeAlO3, -3.615510, 6.542648, 0.000000, 2.000610, 189.333450, 94.558136, 0.137593
MnAlPt2, -0.688134, 13.142004, 0.000000, 4.106833, 178.507089, 38.442847, -6.974590
SrAl2O4, -3.453297, 3.433796, 4.574200, 0.000984, 80.521755, 42.099030, 0.102497
Al6Re, -0.205807, 5.051143, 0.000000, 0.004055, 112.764240, 71.423016, 0.187593
Ca3(AlGe)2, -0.511948, 3.018056, 0.000000, 0.004598, 47.686663, 34.250249, 0.264157
Nb4AlC3, -0.519724, 6.848878, 0.000000, 0.001113, 216.415921, 145.997700, 0.057401
CaAl9Co2, -0.378272, 3.197264, 0.000000, 0.019444, 84.734060, 56.347104, 0.090428
Al3Fe2Si3, -0.321342, 4.292780, 0.000000, 0.221007, 144.703440, 91.374929, 0.287378
AlAs, -0.478220, 3.590982, 1.687000, 0.000930, 67.372101, 39.886832, 0.203933
Mg(AlC)2, -0.062730, 2.929438, 1.748100, 0.001035, 137.295001, 104.604335, 1.844378
Ba3(AlSn)2, -0.510477, 4.584363, 0.000000, 0.007964, 31.211565, 20.334436, 0.327603
SrAl2, -0.254258, 3.302373, 0.000000, 0.001137, 48.411681, 36.805463, 0.000126
NbAlNi2, -0.430927, 7.312635, 0.000000, 0.002365, 180.578611, 55.694174, 3.206002
AlCu3, -0.181494, 7.301686, 0.000000, 0.000538, 128.684206, 44.152510, -10.071100
YAl, -0.414904, 4.104683, 0.000000, 0.000280, 64.877071, 44.122318, 3.749081
AlSb, -0.247204, 4.079590, 0.917900, 0.001644, 49.159774, 28.804390, 0.206029
KAlTe2, -0.996140, 3.968484, 1.703700, 0.001072, 17.012288, 11.467255, 0.720814
Al6Tc, -0.272195, 3.794006, 0.000000, 0.001622, 107.489743, 68.839834, 0.202308
Ba(AlSi)2, -0.260675, 3.580227, 0.000000, 0.000103, 48.072359, 27.011984, 2.811914
HfAl3, -0.386553, 6.195578, 0.000000, 0.003457, 106.870517, 87.325156, 0.485805
CaAl2O4, -3.446381, 2.839015, 4.190300, 0.000215, 78.579302, 42.735805, 0.237233
Ba(AlTe2)2, -1.131517, 4.576344, 1.504700, 0.000872, 21.944668, 13.205690, 0.407539
Al3Mo, -0.321391, 4.822354, 0.000000, 0.001033, 136.068197, 100.101320, 0.300455
AlPd, -0.904822, 7.539752, 0.000000, 0.003334, 150.343010, 66.575442, 0.394314
AlPO4, -3.111593, 2.459023, 5.617700, 0.001019, 29.612093, 35.706924, 0.526142
Al2O3, -3.417170, 3.509944, 4.455300, 0.000000, 187.060591, 108.261850, 0.817141
Zr6Al2Fe, -0.302352, 5.979509, 0.000000, 0.528669, 104.600796, 47.881827, 0.004422
Al2Fe3Si4, -0.398398, 4.934230, 0.000000, 0.000563, 173.137010, 109.757294, 0.114545
AlB2, -0.042987, 3.147666, 0.000000, 0.000017, 190.529041, 153.134925, 4.520156
AlFeF5, -3.312346, 3.420993, 4.258400, 4.000255, 103.668501, 56.369250, 2.619271
Ti7Al2O15, -3.394625, 4.066014, 0.000000, 3.302170, 197.604971, 89.205646, 0.332874
AlTlSe2, -0.980669, 5.885181, 0.587300, 0.001467, 26.258317, 14.607555, 1.033628
AlPO4, -3.110136, 1.884749, 5.323200, 0.000000, 121.362850, 39.763693, 0.227142
AlGa3N4, -0.877397, 5.299635, 2.180800, 0.000340, 177.614051, 116.974768, 1.011100
Y(Al2Cr)4, -0.214618, 4.236139, 0.000000, 2.819562, 119.593671, 79.746446, 0.216111
Al12Mo, -0.119413, 3.195666, 0.000000, 0.004903, 91.419394, 57.009932, 0.001296
Y4Al2O9, -3.805015, 4.383510, 4.210100, 0.000754, 132.533800, 64.666638, 0.057872
AlV4C3, -0.506118, 5.249447, 0.000000, 0.010709, 219.469987, 166.641868, 0.024378
GdAlO3, -3.690450, 7.235659, 3.238200, 28.006034, 186.015705, 110.663378, 0.231183
AlPt3, -0.680620, 16.841278, 0.000000, 0.003044, 225.230461, 93.171099, 0.221167
AlAuO2, -2.224651, 9.213030, 0.588800, 0.000021, 174.890342, 84.769549, 2.126630
Al2Cu, -0.165535, 4.382045, 0.000000, 0.000113, 99.386015, 42.966475, 0.735159
HfAl, -0.395528, 8.963278, 0.000000, 0.000569, 117.173223, 78.115902, 0.512254
Na3AlF6, -3.382048, 2.788722, 6.556400, 0.000000, 49.809964, 27.519533, 0.357008
DyAlO3, -3.748274, 7.547276, 5.723000, 0.000000, 193.212118, 115.228196, 0.228861
YAl3, -0.424922, 3.642540, 0.000000, 0.000105, 76.317446, 62.637986, 0.000422
KAlF4, -3.640183, 2.859642, 6.937700, 0.000000, 46.387137, 29.715695, 15.877913
TiAl2O5, -3.441487, 3.609658, 2.943400, 0.000025, 185.955971, 96.474516, 0.333834
Zr2AlC, -0.643925, 5.238953, 0.000000, 0.000479, 124.173066, 90.072535, 0.033373
TaAlNi2, -0.457946, 10.109650, 0.000000, 0.000121, 191.537497, 62.890688, 2.089891
NaAlSe2, -1.251100, 3.643191, 2.149800, 0.000285, 29.386348, 15.472607, -42.360546
AlGaN2, -1.105076, 4.630280, 2.664200, 0.000000, 184.172800, 122.362633, 1.057616
LiAlO2, -3.067125, 3.295159, 5.884900, 0.000008, 147.123844, 116.333321, 1.413837
Ti3AlN, -1.017868, 4.351485, 0.000000, 0.004625, 163.271039, 47.665003, 0.667806
Zr6Al2Ni, -0.346558, 5.959994, 0.000000, 0.008930, 104.883463, 51.421746, 0.010573
CaAl2SiO6, -3.428255, 3.319303, 5.047000, 0.000833, 130.572728, 73.604627, 0.613495
Al2O3, -3.409664, 3.657878, 4.827400, 0.000000, 201.946041, 104.219909, 0.167384
AlCrFe2, -0.164222, 6.949494, 0.000000, 0.997566, 239.460242, 102.052674, 0.596619
Al3Os2, -0.488636, 10.981230, 0.000000, 0.029181, 203.418745, 113.996143, 0.052051
KAlF4, -3.635954, 2.777231, 6.792900, 0.000000, 59.090468, 30.078739, 83.251941
Zr2Al, -0.358074, 5.595350, 0.000000, 0.000007, 103.369302, 53.677900, 0.160277
Sc2AlRu, -0.529614, 5.046351, 0.000000, 0.000222, 111.011428, 40.632473, 1.088300
CeAlO3, -3.602373, 6.580870, 0.000000, 1.013931, 190.884817, 107.341085, 0.989883
YAlO3, -3.720762, 5.187110, 5.540200, 0.000000, 190.533113, 113.898180, 0.233012
Zr2AlN, -1.167426, 5.580413, 0.000000, 0.000786, 141.879310, 94.423230, 0.054022
AlOs, -0.400839, 13.121639, 0.000000, 0.002053, 236.317899, 122.466444, 0.400520
AlCo3C, -0.223613, 6.944422, 0.000000, 0.000151, 234.454510, 121.207527, 0.420936
Mg(AlSe2)2, -1.222293, 3.579238, 1.053000, 0.002878, 24.816894, 14.531393, 22.372120
Ca2Al2SiO7, -3.443059, 2.977142, 4.284800, 0.000021, 103.944566, 54.919194, 0.471374
AlN, -1.563053, 3.192882, 3.305600, 0.000238, 194.667214, 134.359574, 1.259634
LiAl3, -0.080193, 2.229478, 0.000000, 0.001706, 63.097736, 34.700278, 0.195948
Y(AlSi)2, -0.351003, 3.267732, 0.000000, 0.006945, 77.003403, 43.569111, 0.831978
ZrAl, -0.463168, 4.961627, 0.000000, 0.001356, 108.675785, 72.065768, 0.711774
ZrAl3, -0.464341, 4.127421, 0.000000, 0.014688, 100.287279, 63.826765, 0.034013
Al2NiO4, -2.779106, 4.298874, 3.120000, 0.000036, 136.128500, -46.762687, -6.458659
AlP(H2O3)2, -2.177512, 2.522072, 5.423900, 0.000852, 73.493562, 49.061508, 0.167503
Na4Al3(SiO4)3, -2.999709, 2.079196, 0.261900, 1.952103, 27.863366, 29.065842, 0.155976
Al2FeNi, -0.499212, 5.904564, 0.000000, 0.224700, 167.534014, 102.303615, 0.871935
TiAl3, -0.373044, 3.403083, 0.000000, 0.000890, 105.798346, 69.029986, 0.030330
La8MgAl7O24, -3.630538, 6.290277, 0.000000, 0.000745, 184.220356, 101.718572, 0.253282
AlCu3, -0.164554, 7.268639, 0.000000, 0.000498, 130.547096, 64.630855, 7.129504
Mn2AlCo, -0.278881, 6.868235, 0.000000, 1.997458, 158.802321, 111.253031, 0.754408
Ca3(AlSi)2, -0.400621, 2.226697, 0.000000, 0.000234, 51.113240, 36.111596, 0.279722
ScAlO3, -3.669622, 4.169315, 4.591900, 0.000233, 208.819690, 118.546313, 0.220473
AlTlO2, -2.431645, 6.618871, 2.197000, 0.000084, 99.580741, 42.453298, 3.288468
Mg(AlS2)2, -1.447815, 2.213516, 1.837200, 0.001406, 30.830809, 18.592728, 20.855366
MnAlPd2, -0.593034, 8.265038, 0.000000, 4.035224, 141.404479, 49.595850, 8.780753
Sr(AlH)2, -0.366361, 2.837524, 0.000000, 0.000015, 45.273640, 38.189458, 0.755907
Al2O3, -3.394141, 3.575539, 4.141600, 0.000000, 197.258018, 118.997294, 0.789733
AlBO3, -3.118358, 3.497216, 5.839200, 0.000218, 210.349527, 141.269403, 0.471289
Al3Cu2, -0.158314, 4.630632, 0.000000, 0.003471, 102.141420, 53.312550, 2.231484
Mg(AlH4)2, -0.148527, 1.000495, 4.346400, 0.000093, 15.606757, 8.279900, 2.144155
AlHO2, -2.611743, 3.423456, 5.657200, 0.000046, 157.583248, 133.661657, 0.110372
AlInO3, -2.677147, 5.613716, 2.162000, 0.000186, 184.266701, 89.940136, 0.201583
Al2O3, -3.391416, 3.574528, 4.069800, 0.000000, 197.357591, 118.797195, 0.776731
Hf3Al2, -0.330563, 9.889704, 0.000000, 0.313634, 115.004383, 66.605297, 0.461004
AlFe2Mo, -0.176040, 7.741151, 0.000000, 0.875380, 225.310105, 83.863580, 1.831505
AlPd, -0.875437, 7.599549, 0.000000, 0.001311, 156.423388, 58.527503, 1.420365
Zr2Al4C5, -0.348177, 4.336534, 0.000000, 0.000130, 183.075346, 127.752795, 0.039714
UAl2, -0.159625, 8.427796, 0.000000, 5.377754, 82.811555, 25.015613, -16.888279
MnAlCu2, -0.130838, 6.685943, 0.000000, 3.502564, 123.796328, 66.152235, 9.125891
Al5Mo, -0.242579, 4.122877, 0.000000, 0.000340, 120.859437, 94.644205, 0.035132
Al2Pd, -0.617258, 5.071368, 0.000000, 0.000152, 112.446752, 30.983048, 0.185297
EuAlO3, -3.323593, 7.023941, 0.000000, 23.999003, 175.282291, 107.010168, 0.174779
Li3Al, -0.079682, 1.178288, 0.000000, 0.001277, 26.632568, 18.736853, 0.222829
Hf2Al, -0.262791, 10.396284, 0.000000, 0.004657, 113.362671, 57.321541, 0.338669
Al3Cu, -0.089984, 4.022426, 0.000000, 0.000045, 93.505203, 50.184032, 0.348506
AlFeO3, -2.522868, 4.238397, 1.651800, 40.003615, 178.338568, 81.530725, 0.081443
BaAl2, -0.198849, 4.079687, 0.000000, 0.000722, 42.325849, 31.751321, 0.000112
Al5Mo, -0.238315, 4.120405, 0.000000, 0.000258, 120.019346, 85.983621, 0.080789
Al2O3, -3.380951, 2.528752, 4.234700, 0.000012, 97.374101, 49.281062, 0.893115
YAlO3, -3.693791, 5.229988, 4.958600, 0.000015, 191.870408, 106.516280, 0.413772
Nb3Al, -0.173775, 7.157298, 0.000000, 0.326479, 161.138959, 22.099813, 0.806514
AlVNi2, -0.387165, 6.672940, 0.000000, 0.000293, 177.202756, 72.229996, 7.254899
AlNi3, -0.387186, 7.448140, 0.000000, 0.000017, 179.989130, 75.382352, -13.781438
Al2O3, -3.378741, 3.910433, 5.441500, 0.000000, 228.003254, 146.245622, 0.157082
AlHO2, -2.597704, 2.920155, 5.019700, 0.000420, 97.314188, 67.188527, 40.100887
MgAlSi, -0.015319, 2.450317, 0.000000, 0.002352, 68.339246, 32.680453, 0.231816
K3AlH6, -0.259849, 1.576950, 1.798800, 0.005842, 20.988862, 10.837302, -5.438384
Ca6Al2NF, -0.965082, 2.272020, 0.000000, 0.367104, 41.094414, 25.293563, 4.308354
AlWO4, -2.632035, 7.336640, 0.000000, 0.000029, 208.756463, 131.777120, 1.131611
Y3Al, -0.185031, 4.455986, 0.000000, 0.035959, 49.332416, 32.846080, 0.203737
Al2Mo3C, -0.175292, 7.184750, 0.000000, 0.005944, 227.280491, 87.131407, 0.607880
Al2O3, -3.373716, 2.967299, 4.205500, 0.000604, 132.023627, 64.326710, 3.050319
Hf5Al3, -0.291670, 9.934060, 0.000000, 0.071869, 111.794046, 48.046466, 0.097386
AlBiO3, -2.500511, 8.296037, 2.977900, 0.001087, 131.410649, 80.999206, 1.638652
Li2AlRh, -0.490767, 4.401299, 0.000000, 0.000010, 80.320177, 40.788084, 1.037419
TaAlO4, -3.346549, 7.082091, 2.585900, 0.000000, 218.273416, 124.207785, 0.744236
AlCrCo2, -0.248139, 7.024895, 0.000000, 2.999777, 203.115259, 105.211407, 1.497784
MnAlPt, -0.636606, 10.322806, 0.000000, 7.062297, 129.523912, 47.273738, 1.888565
Al3Tc, -0.318806, 5.007580, 0.000000, 0.000755, 144.774756, 45.706818, -3.197485
Zr2Al, -0.317706, 5.486265, 0.000000, 0.045123, 100.156636, 44.904055, 0.969436
Mg(AlSi)2, 0.021274, 2.314534, 0.000000, 0.000798, 65.636729, 33.500102, 0.291384
Al2CuO4, -2.653946, 4.444364, 0.000000, 1.999439, 185.445628, 54.732281, 3.040870
Ti2AlO4, -3.170859, 4.236964, 0.000000, 0.001942, 207.937518, 73.988430, 0.085155
NaAlO2, -2.868915, 3.485224, 4.729200, 0.000034, 135.227316, 96.823324, 0.422798
Al2O3, -3.361055, 3.679986, 5.667100, 0.000000, 193.083995, 131.260125, 0.510425
Al4Mo, -0.251616, 4.181840, 0.000000, 0.014355, 111.833029, 75.461071, 0.192881
TaAlO4, -3.334315, 7.083050, 1.838200, 0.000225, 220.280466, 134.856554, 1.368165
AlAgS2, -0.938484, 4.412873, 1.707700, 0.000001, 77.049160, 31.828016, 1.685553
Al2O3, -3.354539, 3.664307, 5.492400, 0.000000, 191.678885, 131.520360, 0.539388
LiAlO2, -3.008295, 3.412034, 4.503900, 0.003888, 161.093009, 132.567478, 0.995374
Al2O3, -3.350097, 3.115101, 4.370000, 0.000376, 119.012247, 63.408767, 1.382389
Ti2MnAl, -0.250024, 4.838887, 0.051100, 0.000174, 20.969784, 59.291510, 1.000094
Ta4AlC3, -0.498286, 12.659086, 0.000000, 0.008522, 237.548776, 146.083043, 0.020045
Al2O3, -3.347809, 3.374396, 4.017300, 0.012765, 168.285653, 87.207579, 2.100008
Al2B2Ru3, -0.471216, 7.891567, 0.000000, 0.000011, 230.257173, 105.990034, 0.324808
AlCrO4, -2.385538, 4.099565, 0.000000, 0.999975, 190.363827, 114.941624, 1.203538
YAl3O6, -3.512929, 3.329436, 4.122000, 0.000000, 67.104540, 42.412884, 3.896889
Al2O3, -3.337809, 3.473694, 4.176500, 0.000000, 182.727776, 85.850733, 0.330490
Mg13Al14, 0.064058, 2.172684, 0.000000, 0.086677, 48.905130, 16.463113, -8.706648
Al2O3, -3.336473, 3.631636, 5.060600, 0.000131, 37.745310, 73.878635, -19.767977
Al2O3, -3.335551, 3.638261, 4.002900, 0.001747, 214.287044, 115.967713, 0.589411
Mg41Al67, 0.068657, 2.301730, 0.000000, 0.449627, 55.179580, 23.510043, 0.388816
Al, 0.092444, 2.682723, 0.000000, 0.000238, 69.300772, 15.358971, -5.144510
Al2W, -0.035498, 8.488352, 0.000000, 0.002035, 160.481957, 55.767007, -9.430094
Al2O3, -3.333195, 3.953069, 5.313200, 0.000092, 230.889117, 147.218949, 0.140853
Al6C3N2, -0.536288, 2.988590, 0.115400, 0.000002, 164.693351, 107.803177, 0.235381
AlFe2, -0.141346, 6.093349, 0.000000, 4.477797, 147.086913, 67.974883, 11.750769
Sc2AlC, -0.439555, 3.024334, 0.000000, 0.017670, 86.246952, 57.011000, 0.336030
AlCoO3, -2.241457, 4.769838, 0.348100, 4.000059, 84.006811, 43.399741, 1.987801
AlPt, -0.931805, 12.479671, 0.000000, 0.000423, 185.402211, 49.419103, 11.149056
Al2O3, -3.315760, 3.573288, 3.299400, 0.000142, 156.145637, 104.073808, 2.127688
AlN, -1.469107, 3.421648, 3.268700, 0.001155, 208.546470, 132.607814, 0.921703
AlSb, -0.138496, 4.478852, 0.428200, 0.027864, 48.893325, 30.457286, 0.005646
Ti3Al, -0.160474, 4.195927, 0.000000, 1.976298, 110.217202, 41.672756, 4.465280
Al2O3, -3.301165, 3.482552, 3.343300, 0.000114, 146.984345, 89.697393, 1.625348
Ti2AlCr, -0.133045, 4.639005, 0.000000, 0.851428, 104.524949, 54.851018, 1.407544
AlCrNi2, -0.262135, 6.728186, 0.000000, 3.210409, 162.123914, 71.884762, -315.382016
Ti2AlV, -0.105511, 4.532631, 0.000000, 1.916288, 118.957839, 43.794704, 2.342597
Al2Cu, -0.023568, 4.004613, 0.000000, 0.000893, 90.214514, 52.266318, 0.526451
AlCr(WO4)2, -2.323593, 5.713669, 1.884500, 5.000079, 87.931869, 44.719255, 5.039527
Ta2Al, -0.075956, 12.115013, 0.000000, 0.005691, 162.100299, 58.206282, 0.769843
AlN, -1.412394, 4.041046, 4.417500, 0.000510, 254.683406, 236.263674, 0.947927
Al3Fe, -0.154065, 4.151307, 0.000000, 0.592796, 125.436303, 54.911027, 0.352264
Al2O3, -3.216493, 1.621807, 4.804100, 0.002997, 73.476072, 6.558764, -1704.454041
AlFe2Ni, -0.094356, 6.944882, 0.000000, 4.243924, 148.217601, 36.648507, -5.124112
Ti2AlCu, -0.056974, 4.930497, 0.000000, 3.758048, 106.872478, 49.771049, 3.168882
Mn4Al(CuO4)3, -1.534256, 5.380760, 0.000000, 9.998159, 130.137983, -49.880015, 2.254196
AlAs, -0.236845, 4.549896, 0.000000, 0.000556, 83.263241, 35.887104, 0.308581
AlFe4(CuO4)3, -1.320952, 5.149338, 0.000000, 19.965424, 180.153809, 24.313722, 1.545923
Al2O3, -3.146101, 4.015040, 4.248700, 0.000000, 204.746738, 45.452524, -4.461341
Ti2AlZn, -0.014344, 4.742171, 0.000000, 3.250132, 96.420029, 30.271780, 85.584982
AlRe, -0.010418, 12.322002, 0.000000, 0.006314, 220.399965, 96.256593, 9.818306
Al(SnO2)2, -1.997497, 5.677913, 0.000000, 0.000065, 131.055890, 49.551869, 0.871479
AlBN2, -1.138244, 3.329718, 3.050100, 0.000000, 258.609047, 185.262213, 0.510132
Ca3Al2O6, -2.861125, 2.985600, 0.000000, 0.004284, 91.923841, 41.602695, 0.008102
AlP, 0.058483, 0.528386, 2.163400, 0.000002, 16.676054, 6.921418, -196.347420
Al2O3, -2.626586, 2.715293, 0.608300, 0.000001, 88.616592, 58.887684, 3.087789
AlVNi, 0.375342, 4.900114, 0.000000, 0.005225, 106.599359, -3.081863, -4.967636
Ti2Al, 0.572490, 3.244297, 0.000000, 2.995355, 70.762272, -5.477107, 0.493005
ZrAlW, 0.719548, 7.781616, 0.000000, 0.027863, 100.229745, -12.066747, -5.890312
TaTiAl, 0.811271, 6.642861, 0.000000, 1.907301, 86.398968, -15.523589, 0.217482
AlO, -1.552116, 3.182442, 0.000000, 0.002912, 134.408741, -12.674864, 0.094037
Al2O, -0.141535, 2.520649, 0.000000, 0.003327, 59.314484, -66.975540, 0.134836
